RR16,DR16,LIBELLE16,ageq_rec01s1rpop2014,ageq_rec01s2rpop2014,ageq_rec02s1rpop2014,ageq_rec02s2rpop2014,ageq_rec03s1rpop2014,ageq_rec03s2rpop2014,ageq_rec04s1rpop2014,ageq_rec04s2rpop2014,ageq_rec05s1rpop2014,ageq_rec05s2rpop2014,ageq_rec06s1rpop2014,ageq_rec06s2rpop2014,ageq_rec07s1rpop2014,ageq_rec07s2rpop2014,ageq_rec08s1rpop2014,ageq_rec08s2rpop2014,ageq_rec09s1rpop2014,ageq_rec09s2rpop2014,ageq_rec10s1rpop2014,ageq_rec10s2rpop2014,ageq_rec11s1rpop2014,ageq_rec11s2rpop2014,ageq_rec12s1rpop2014,ageq_rec12s2rpop2014,ageq_rec13s1rpop2014,ageq_rec13s2rpop2014,ageq_rec14s1rpop2014,ageq_rec14s2rpop2014,ageq_rec15s1rpop2014,ageq_rec15s2rpop2014,ageq_rec16s1rpop2014,ageq_rec16s2rpop2014,ageq_rec17s1rpop2014,ageq_rec17s2rpop2014,ageq_rec18s1rpop2014,ageq_rec18s2rpop2014,ageq_rec19s1rpop2014,ageq_rec19s2rpop2014,ageq_rec20s1rpop2014,ageq_rec20s2rpop2014
84,1,Ain,20690.06435,19760.48105,22204.16481,21079.04443,21891.40011,21497.61622,19621.24673,18196.08115,15754.35306,14282.96243,17890.5345,18093.97527,20004.66593,19849.78809,20722.87379,20652.87932,23415.16865,23768.39304,23471.40945,22955.43309,21707.5906,20747.25154,19009.74039,20252.97857,18654.17321,18446.19371,14864.64264,15902.52076,10137.47981,11273.86463,8089.759092,9896.68368,5911.60304,9036.565142,3562.564347,6749.240665,1400.758494,3554.490041,193.8668665,842.8679351
32,2,Aisne,17051.66412,16405.60566,18011.56407,16708.63232,18380.59782,17330.18009,17243.32654,16090.40746,14114.00771,13868.68921,15017.79188,15309.9333,15911.41714,16165.60299,15292.51104,15968.97057,17915.16623,18132.02326,18386.70059,18290.84169,18551.70146,18564.85476,18077.27084,18728.33897,18463.00588,18622.95921,13859.48587,15135.88709,8497.48081,10115.65474,7565.567156,10535.51277,5941.549854,10027.91579,3224.314153,7100.595743,1078.922078,3177.750071,128.1232544,574.7962542
84,3,Allier,8184.792347,8401.095525,9065.654463,8952.008269,9648.624218,9437.675378,9264.088166,8870.836143,8125.535358,7215.351327,7899.123956,7543.501451,8306.088774,8911.575346,8860.241315,9076.950411,11012.48257,11381.04559,11365.30509,11465.30194,11688.60384,12110.38128,11860.45531,12580.69327,12537.92503,13533.30428,11058.62213,11826.19682,7941.217006,9313.133033,6888.495073,9100.770207,5414.542112,8824.712705,3305.737078,6512.381163,1188.475903,3130.239431,142.5130745,818.9460945
93,4,Alpes-de-Haute-Provence,4001.746254,3761.24875,4542.550262,4162.551809,4975.738966,4702.66567,4693.439403,4275.095146,3625.860521,3161.885491,3533.560126,3919.012684,3947.408839,4155.158418,4210.392092,4317.308089,4936.493258,5119.300114,5619.930058,5981.947653,5552.784027,5982.63462,5844.201814,5855.474107,5880.031672,6079.063518,5466.282443,5809.416756,3940.82129,4422.88345,3201.35157,3830.416421,2599.840517,3370.819349,1370.707345,2522.728083,565.3266146,1333.539938,91.95530929,360.8608441
93,5,Hautes-Alpes,3681.133175,3631.936553,4194.717198,3854.791927,4371.584577,4296.15221,3920.481126,3686.20066,3232.814942,2746.817437,3421.401221,3275.882423,3617.010286,3729.325473,4131.009266,4330.916227,4785.515325,4877.097735,5054.223781,5051.921012,5091.398173,5223.915755,4779.573394,4746.326307,4555.081816,4927.28641,4424.556246,4576.263074,2949.307398,3278.836318,2480.662044,3151.17611,1832.325917,2690.11102,1113.989615,2048.255366,576.0325637,1164.224721,96.26126009,300.6206386
93,6,Alpes-Maritimes,28771.19577,26889.97091,29274.77757,27346.7566,29338.77044,28093.31151,31041.83969,29655.15575,29105.12737,28465.51421,28611.06551,30140.03248,30699.54666,32048.31476,31051.77847,33302.16855,34907.27769,36998.83619,36403.44887,39540.65315,35082.77032,38359.64815,32692.83955,35855.8137,31513.98961,36171.93397,30882.36114,36120.3976,23436.83678,28940.51383,19815.86565,26754.31217,15926.93239,24445.16304,9522.552437,18874.90414,3863.943565,9836.815655,705.9411556,2883.91963
84,7,Ardèche,8559.503621,8023.396682,10153.89009,9181.719649,9824.0364,10262.09166,9264.168901,8417.135939,6791.165058,6170.866306,7405.326893,7643.68868,8187.784144,8236.973962,8783.019503,9461.481715,11406.63673,10893.89867,11546.08116,11719.51178,11572.558,11262.11367,10798.32789,11238.43836,11386.4407,12203.37569,10409.65849,10190.39706,6877.080109,7669.020508,5852.925492,7133.132439,4481.495149,6821.313758,2813.199771,5235.937183,935.1270865,2647.510507,175.0718045,677.0416762
44,8,Ardennes,7823.659855,8403.150287,8942.886286,8718.390181,9416.719347,8577.560682,8653.593979,7787.377051,7289.897127,6651.442467,7505.012935,7622.075713,7803.358458,8026.972251,8076.158397,8571.137233,9474.712745,9416.105463,9718.203819,9516.949015,9996.89914,10176.46598,9473.367069,9947.508859,9729.424984,9913.527689,7326.055571,8070.622238,4682.892646,5428.807826,4497.373344,6009.250403,3174.262163,5376.504598,1700.454087,3544.378278,565.6649961,1556.150707,62.3002364,284.6567894
76,9,Ariège,3975.475064,3697.01184,4247.575843,3950.306569,4361.78673,4155.06035,4093.077118,3728.4625,3418.701095,2888.754054,3377.880945,3283.674891,3963.395902,4288.363087,4271.695065,4348.130003,4730.739563,4831.38575,5160.873784,4962.781165,5480.309056,5739.653367,5661.689696,5653.441643,5772.642347,5781.007464,5307.832527,5005.963185,3084.564952,3792.477596,2953.808157,3786.530526,2631.950654,3444.776281,1532.46268,2751.275998,585.0077056,1310.638186,74.12763251,375.8755454
44,10,Aube,9296.648433,8975.641719,9831.826082,9533.323585,9298.173121,9335.060633,9488.97181,8936.619634,9028.989049,7960.359276,8537.537817,8603.287622,8977.587964,9078.952156,8914.596241,8928.201749,10131.04825,10419.51152,9888.303235,10200.57015,10018.95786,10351.73687,10020.85496,10439.08923,10104.69108,10695.44525,8423.057055,9125.228676,5526.41879,6451.382224,4795.985173,6777.751751,3846.653237,5892.211031,2016.615244,4455.62866,810.7102526,2248.924065,121.1543857,561.2269096
76,11,Aude,9588.700589,9510.984841,10382.5472,10276.36999,10909.39276,10380.70696,10069.30782,9782.653465,8163.502438,7616.811936,8004.119225,8346.338466,8961.768456,9819.068408,9979.243858,10264.42113,12058.90132,12405.71303,12477.99056,12975.78092,12359.46936,12797.30959,11749.71556,12775.84242,13252.54556,13827.43048,11943.53647,12846.00008,8437.270142,9519.59767,7033.015453,8221.794724,5508.066323,8299.503724,3539.065707,5975.072534,1270.199307,3104.383682,294.5855866,737.7247068
76,12,Aveyron,6747.464654,6474.254822,7836.393288,7235.347275,8111.835799,7471.916786,7653.811581,6705.255686,5835.545951,5161.529612,6381.555326,6220.739621,7207.039363,6781.435464,7560.651322,7654.343319,8945.10922,8794.283791,9737.289814,9730.844737,9932.1628,9632.519674,9738.599593,9750.94258,10284.54061,10140.06705,8915.192253,9542.587717,6349.504162,7207.911077,6051.1355,7663.613495,4966.189495,7345.065505,3091.211995,5290.373616,1121.853539,2588.654924,227.5220576,686.7805186
93,13,Bouches-du-Rhône,60681.98671,56941.17168,61555.94674,59343.23665,61447.38397,57781.01534,62176.20354,60746.67008,63022.22501,62422.95161,58239.2405,59882.82139,59672.856,64615.57199,60411.77551,64127.89118,65341.15551,70478.27662,66449.14217,71568.59807,63845.91979,69440.57351,59946.30113,65709.70466,57162.95986,64392.517,50647.92413,57903.81103,37345.58328,43492.5327,30204.55111,39266.72232,23233.69044,35404.85806,12775.2176,25916.33193,5150.238996,12917.67505,831.1529213,3538.432813
28,14,Calvados,19859.19417,19015.17822,22402.56123,20618.73621,22443.26434,20727.78543,23105.79318,22345.86578,20839.71037,20305.50156,18752.33397,19360.55888,19616.20684,20233.54967,20201.36115,21044.19502,22582.84193,23006.11011,21918.20843,22851.59788,22253.89761,23062.3007,22899.08075,24056.91096,22452.59778,24382.20363,18508.25553,20298.53914,11568.13765,14391.40479,10241.86876,14361.83097,7703.546012,12897.3527,4316.763219,9214.839537,1797.088327,4711.674428,257.4856216,1134.610683
84,15,Cantal,3210.301817,3216.28402,3795.417352,3471.023137,3883.071775,3819.73117,3613.780684,3228.127045,3055.582715,2632.740032,3261.393597,3255.715384,3592.62977,3677.618961,4174.010374,3868.7376,4718.813092,4758.875013,5243.066087,4994.066543,5410.193767,5226.848541,5639.8285,5563.426909,5516.921493,5726.420078,4926.593855,5264.77921,3168.15806,3857.761917,3412.864705,4139.514244,2575.635443,3773.75082,1602.328443,2882.935715,578.9821171,1422.634222,90.12594482,309.416046
75,16,Charente,9321.257923,8673.319928,10076.19611,9401.062025,10262.14764,9742.232945,9553.805777,8857.60679,8110.32407,7548.122848,8984.427536,8589.980035,9148.901785,9408.302982,9642.211692,9929.493127,11278.10388,11708.8617,12073.4384,12748.37829,12386.32688,12671.84976,12474.93776,13387.92925,12871.88389,13320.03652,10625.25699,12065.32329,7508.503751,8622.393923,6631.265198,8194.318281,5399.66617,8354.659202,3057.275842,5612.628695,1093.459946,3107.885854,186.0843858,884.4379066
75,17,Charente-Maritime,15546.55628,15183.21489,17339.49244,16238.04978,18810.28036,17862.38639,18001.47593,16427.74371,15147.20807,13790.40153,14632.9064,14497.08882,15891.36097,16818.97291,16811.81825,17760.29725,20830.03414,21261.90328,20492.15938,21722.5236,20633.27304,21495.85869,20566.95787,23396.0566,23418.01133,25921.57443,22049.56009,24037.46014,15024.73979,16623.77184,12513.74966,16014.89439,9957.802296,14529.92949,5806.465704,10757.07173,2157.999042,5453.294359,395.7473413,1361.426793
24,18,Cher,7839.950302,7820.911391,8759.84162,8260.12858,9507.874602,8986.01241,8519.699999,7783.050982,7593.516532,6816.179891,7727.535847,7564.609888,7970.241482,8351.603978,7937.118685,8142.362522,10519.23194,10375.38885,10444.51499,10478.00333,11073.58807,11206.2052,10674.22642,11247.33243,10976.82415,11607.48544,9851.88462,10554.46072,6756.734683,7587.714697,6115.170688,7642.690992,4557.952318,7072.842134,2577.761685,4945.57264,986.6246383,2580.578169,151.2169796,639.9812567
75,19,Corrèze,5627.009686,5483.936815,6598.740277,6184.249335,6664.725133,6491.962432,6544.612449,5614.582968,6074.557837,4859.031659,5958.941532,5463.563684,6220.713402,5845.096303,6411.693559,6924.649156,7830.51126,7835.517206,8051.033382,7634.299342,8399.475385,8691.410935,8546.906527,8938.854485,8716.015106,9387.002237,7648.623898,8192.524562,5089.093157,6065.12309,4915.621315,6530.535413,4114.045882,6721.362513,2497.946481,4754.711398,964.7422542,2611.001229,129.676794,460.9709303
94,2A,Corse-du-Sud,3988.438605,3587.77133,4099.402815,3712.570439,4066.88766,3949.468266,3945.316743,3735.269848,3718.357476,3626.092342,4251.579311,4488.738155,4469.133252,4908.770061,4447.051826,4953.61069,5314.620221,5478.276075,5449.42758,5689.66035,5338.134068,5443.081664,4902.561574,5154.495026,4952.888079,5039.443398,4375.27853,4574.871731,3548.970143,4151.161208,2876.009599,3404.211005,2179.140146,2909.715431,1121.270339,1999.406281,368.1583621,1062.318552,107.0243659,252.6521151
94,2B,Haute-Corse,4407.318347,4281.444771,4676.315299,4288.750324,4686.055824,4348.003527,4566.714774,4301.954553,4985.560691,4684.434066,4921.012368,4971.511915,5111.226286,5271.061895,5468.498843,5633.345661,6018.559336,6120.488665,6109.852405,6146.129921,5782.982163,6143.896319,5775.424789,5658.92567,5611.671321,5830.891572,5053.119583,5398.223993,3952.641467,4230.88333,3118.564196,3876.125973,2380.574722,3335.047622,1264.284118,2195.016385,421.5151134,1167.070471,88.61450277,273.0125424
27,21,Côte-d'Or,14680.07851,13745.0606,15400.34655,14252.27382,16055.72103,15267.06008,17958.00047,17018.56887,17827.71294,18365.75093,16383.85863,16064.63892,15698.33819,15651.8071,15406.22187,15769.77141,17609.51697,17605.77945,17257.37457,17500.67549,17921.99516,18484.60249,16862.57528,17731.27205,16396.44827,17734.90391,13855.04338,15155.04699,9099.6528,10719.17754,7869.249695,10484.8693,6209.99372,9636.772407,3646.350628,7262.512069,1387.431141,3859.01878,229.5263303,1044.428037
53,22,Côtes-d'Armor,16511.84831,15738.67616,18333.19627,17429.11217,18873.09165,18182.88068,17529.41952,16221.54213,12811.51478,11789.5177,13282.07352,13441.36142,15267.8227,15378.27436,16433.033,16472.52771,19494.21546,19583.61905,19551.81134,19285.59395,19782.23083,20003.12785,20460.96536,20729.69038,21686.12206,22849.92811,18757.58399,20982.28552,12581.50653,14535.3013,11601.21261,15427.34355,8721.851017,14366.02769,5041.469589,10789.22275,1663.826056,5110.922359,235.2129992,1079.177204
75,23,Creuse,2487.025814,2638.321161,2876.618213,2765.200653,3372.977499,2785.567345,2922.105054,2503.096456,2637.575071,2097.567604,2532.452977,2477.128111,2658.407733,2556.438185,2871.087026,3019.394993,3886.712565,3519.644189,4113.570718,3991.673065,4155.720532,4613.310244,4716.898877,4700.957501,5191.378764,4910.369946,4451.820537,4162.638004,2738.880185,3259.649381,2741.340177,3678.564621,2382.13944,3659.996024,1420.796064,2744.797427,604.5619804,1370.838759,87.69190121,303.8558523
75,24,Dordogne,9202.914184,9011.151046,10845.35739,10324.5473,11465.84689,11315.56411,11151.09877,9901.553121,8463.26448,7721.231983,8608.608965,8909.158169,9993.483661,9899.286753,10413.51161,11399.66317,12979.45546,13533.97196,13851.26912,14563.10283,14348.26485,15316.27908,14790.87923,15860.87432,16483.28741,17463.472,15379.69746,15841.20447,9972.033928,11064.84758,9016.996509,10737.07067,7064.640355,10509.93144,4158.55859,7979.42254,1588.149699,4185.563807,289.292981,920.4268134
27,25,Doubs,16982.06848,15872.12545,17671.6667,16078.83631,17052.54243,15829.2365,17198.6867,16759.96747,17753.61186,16560.78416,17026.70086,16950.13538,17331.35538,16762.16104,16661.59008,16465.02322,17986.57672,17912.39885,17777.06151,17447.52401,16686.44945,17175.23671,15533.56035,17341.06033,15728.89196,16816.08928,13685.95088,14006.46998,9246.365737,10349.35282,7790.359529,10500.89919,6070.120587,8803.764638,3169.237777,6218.735907,1159.839651,3109.303074,168.6644574,787.1334296
84,26,Drôme,15032.70638,14702.26098,16568.11454,15118.52072,16306.4141,15631.80488,15334.89043,13811.77868,12666.03468,11449.18697,12903.18057,13626.19729,14242.80797,14733.72822,14344.98034,14901.98694,17044.56094,17318.05315,17176.33642,17669.11779,16348.07551,17017.98019,16026.15612,17325.28128,15672.09489,16721.71812,13899.61151,15630.13122,9864.741355,11467.93637,7917.827978,10096.67015,6005.711073,8915.713862,3648.594009,6600.291776,1310.502289,3300.036977,194.6713848,799.7141757
28,27,Eure,19326.58813,19339.40942,20860.0455,20541.2031,21720.94679,19795.48176,18320.3469,17262.48701,14515.49368,13759.51648,15859.46506,16518.66727,17746.72763,19467.95882,19682.38079,19147.29217,21082.09648,20859.1665,20835.98227,20832.14136,20693.91515,20906.0637,19190.55597,20219.40997,18377.03574,19821.12103,15396.76553,16312.67681,9738.156089,10702.31526,8030.744449,10603.55063,5968.761959,9855.420369,3280.913331,6389.984112,1015.096051,3050.030817,198.4088327,885.5500042
24,28,Eure-et-Loir,13998.0658,13502.62036,15079.75168,14258.97827,14594.21876,14316.20679,13173.47962,11686.70219,10144.93407,10001.29448,11157.90508,12129.10715,13226.74604,13431.10118,13667.06997,13741.55062,15198.88126,14920.06556,15051.13196,15095.15028,14390.22471,14693.7085,13944.1236,14682.09172,13871.30427,14339.427,11353.09006,11926.40011,7444.209836,8346.983092,6260.295877,8094.000461,4981.438047,7642.088584,3258.162263,5424.793272,1039.763371,2686.727766,185.4145114,715.5896667
53,29,Finistère,24458.85387,23563.51667,27568.0906,25533.37241,27930.53258,27465.43796,28308.34227,25907.3231,25217.21282,21340.48288,23865.94738,22905.44693,25397.6276,24581.37622,26556.19093,26119.9043,31800.17784,30052.28458,30646.02286,31090.25557,31959.40054,30872.00301,30288.01765,31394.90174,30257.61253,32706.95141,25304.0389,27834.13651,16214.8322,20699.39775,15058.82153,21807.94863,11402.65182,19922.61226,6092.750355,14146.81957,2169.81569,6195.812925,279.2230895,1543.080313
76,30,Gard,21174.64197,20123.1207,23188.54338,21690.75121,22955.29977,22480.2782,22402.97988,20858.58706,18832.34816,17321.09524,18538.72607,19313.73863,19940.56633,21733.05974,20530.22862,21312.08488,23793.53187,25531.37933,24623.49118,26118.48326,24548.44693,26159.20347,24275.03218,25994.29652,24429.13687,26063.49988,21134.13139,23741.97093,15131.13285,17178.5536,11908.70594,15720.02535,9372.511935,13932.362,5381.620308,10216.88965,1890.546066,5197.913454,376.7158967,1383.213177
76,31,Haute-Garonne,40373.2856,38559.28494,39649.08105,37208.57742,38949.29696,37508.99953,42807.10359,42985.45705,50407.02305,52376.46603,47886.36583,47283.82905,48571.43969,45870.43938,44607.87486,44063.87229,45901.3995,46126.78266,44320.37567,45524.66896,42299.06244,43675.68473,36921.98304,38937.38152,32946.51066,36464.36085,27863.41855,31856.70025,19287.65522,22783.17329,16514.62677,20836.63538,12617.45319,19253.82329,7464.09965,14329.71156,2907.650089,7257.900098,476.1449956,1899.116453
76,32,Gers,4420.569827,4139.694477,5161.024865,4853.641203,5761.823746,5431.480351,5038.407259,4830.207515,3642.77598,3292.991861,3918.842891,3972.631123,4370.165738,4537.428481,4946.340735,5062.437682,6067.159048,6497.486305,6715.621531,6774.233535,6852.513677,7088.149301,6803.263774,7015.638509,7323.758706,7457.520283,6145.67012,6374.698062,4718.783013,4873.846527,4166.131169,5003.430022,3559.582087,4741.030211,2113.737737,3580.099771,859.4108209,1629.158015,162.9728488,511.1421569
75,33,Gironde,43002.68904,41303.77725,45502.81588,44081.51108,47126.75325,43881.44495,48127.87567,47595.6213,50360.98747,53135.18835,45911.21295,47318.05595,47493.53044,49182.44902,48919.54103,50024.52173,53498.99592,55238.50746,51401.83514,53590.69133,47970.99019,51636.29909,45877.18929,49882.19248,44268.16683,49427.11229,37597.1076,43018.65202,24190.74541,29311.17942,20752.79041,26913.25232,16276.46668,25600.23691,9439.586219,19693.80484,3799.012905,10264.52284,575.9224317,2684.801957
76,34,Hérault,31413.34748,29648.38543,31785.81229,29793.04786,32808.4332,31313.41921,34826.28272,34108.46415,37757.82829,39850.1223,32100.60399,33926.13916,32676.02948,34478.71677,32242.21197,33801.88329,36543.27898,37969.52304,35819.28424,38071.71745,33185.52099,36806.7531,32007.49927,35605.76907,32697.96303,37286.80889,30503.7367,34276.94325,21756.40583,24842.30633,17399.29099,21699.60321,13561.59295,19570.61452,7557.198776,14509.46598,2961.593308,7386.319808,513.9007888,2102.217258
53,35,Ille-et-Vilaine,33737.65864,31121.74786,33964.7397,33588.24611,34166.08804,32235.54408,34508.44417,34481.22047,37371.20156,36715.62531,31501.38926,31824.87984,33332.01583,32708.06505,33955.54027,32962.48786,36009.43531,35552.37659,34736.73821,34283.1062,32873.86782,33224.97235,29447.68254,31070.02335,27605.83359,29961.96381,22338.92701,25081.68005,15294.30162,18170.59005,14189.46513,18948.59658,10820.34598,16441.57241,6207.448768,12125.37686,2213.132887,5795.842697,237.2484616,1259.748801
24,36,Indre,5402.943273,5107.180515,5897.920093,5767.778188,6521.815372,6239.755359,6211.610859,5679.098336,4932.490841,4253.714201,4980.857594,4954.595213,5178.168414,5412.611522,5783.3731,5970.220733,7433.96384,7378.559961,8042.546608,8025.143219,8081.823112,7707.16714,8013.370784,8299.928782,8476.409036,8760.713803,7508.114896,7832.194101,5052.410039,6060.78119,4955.515455,6085.321828,3765.08778,5987.229644,2316.832549,4330.522553,884.7854216,2116.683212,169.8784946,543.1016962
24,37,Indre-et-Loire,17454.28398,16760.41559,17813.06035,18118.96467,18586.6084,17806.13077,19426.21448,20042.34472,18104.99973,19063.14285,16824.96554,17242.80977,17010.37881,17619.2525,17527.35216,18052.32753,20415.99779,20655.29217,19836.5823,20726.5311,19387.78094,20202.31655,19135.46195,19917.99389,18285.43495,20332.66826,15519.37373,17651.39329,10479.86424,12381.89427,9645.102992,12363.74533,7518.063449,11432.34254,4748.460167,8411.284294,1767.680288,4462.943278,372.0322335,1250.742181
84,38,Isère,40346.87953,38377.24635,42485.31704,39975.29151,41947.23597,40263.95655,40965.77782,38607.89865,40478.11279,37532.98795,37246.29416,36051.79525,38227.1261,39374.80681,39016.61814,40226.35138,44977.30157,43836.51564,43564.77339,43112.46404,40790.34947,41784.70207,36827.19287,38220.4605,33816.8134,37275.99467,30008.38485,32228.53421,20734.8862,23656.15261,16855.64937,21624.70352,12471.94446,19201.93883,6902.424202,13617.58558,2468.160356,6356.850468,378.1416895,1647.323363
27,39,Jura,7200.930356,6977.086256,8163.529193,7486.679244,8707.632397,8321.490998,7824.138113,7234.225755,5968.786672,5552.327886,6589.132257,6292.901845,7195.388197,7312.259587,7569.086534,7998.487271,8874.569426,8744.707817,9533.608138,9077.373063,8876.489868,9147.696277,8648.181256,8883.941056,8633.407226,8925.987495,7543.99014,7802.692566,5246.859742,5633.405633,4212.39346,5664.60775,3311.974176,5221.393315,2275.919619,4251.682681,884.646411,2151.276188,160.1696701,546.7723356
75,40,Landes,10625.30212,9908.320752,12148.3658,10999.41963,12187.7066,11366.17985,10635.84922,9745.238001,8920.624669,7904.73863,9608.815754,9352.783242,11139.04622,10903.98892,12024.90461,12083.86884,13498.77618,14199.51736,14791.18467,14279.58019,13915.40927,14140.84493,12945.49689,14381.59225,14093.92473,15251.08499,12837.87559,13731.03506,8671.33277,9390.346317,7463.162989,9338.111851,5722.294974,8358.875694,3086.307512,6139.230992,1277.888891,2949.31528,189.0465081,789.9235201
24,41,Loir-et-Cher,9321.15509,8971.056599,10161.00485,9929.246005,10890.17038,10020.86664,9556.300732,8683.947936,7410.409545,6876.068384,7869.289739,8244.199279,8463.83637,8450.463827,9510.41613,9916.561567,10999.42101,11392.68909,11441.6173,11292.757,11229.42832,11401.56534,11078.09158,11646.74427,11627.87298,12089.37441,10037.9164,10436.64883,6616.320617,7816.742769,6495.596753,7941.703005,4972.564006,7239.926197,3123.293716,5510.676172,1145.574563,2751.258745,189.8716169,808.8680844
84,42,Loire,22815.55197,21872.59761,24170.25969,22501.75378,23883.02764,22461.4245,24318.7122,22365.50929,21480.02984,21027.65514,20527.10495,20649.48018,21367.93449,21520.90767,22024.66073,21770.82307,24682.77536,24591.27552,24538.93581,24785.17194,24120.56287,24884.89081,23191.31093,25222.95097,24111.7718,25696.39519,20536.66972,22661.42422,14338.21541,16694.97285,12340.9177,17216.49259,9777.64136,15983.33174,5631.906735,11700.47507,1953.410818,5770.213294,342.4249305,1452.225439
84,43,Haute-Loire,6154.277749,5862.157175,6945.512529,6765.618677,7069.272217,7047.765397,6691.7018,6114.482369,5095.681731,4456.762199,5213.805542,5157.111841,5842.459405,6219.569367,6805.025073,6488.043871,8059.514994,7597.37492,8095.564236,7942.789072,8073.769119,7741.067278,8022.303992,8117.514099,8233.387243,8299.869868,7035.683069,7018.648702,4317.914052,5042.964034,3929.815846,5062.063873,2885.484413,5083.31717,1749.653164,3624.381717,605.1568069,1780.021161,113.3952362,408.5685023
52,44,Loire-Atlantique,43446.47189,41786.38553,45479.14187,43584.83261,44323.97842,43335.92474,44123.88735,41967.70034,42065.85759,40344.92988,40525.27244,40515.35751,43663.82124,43514.50731,43756.16054,43937.78181,47418.53565,47435.70317,45232.73668,45806.36735,42659.69469,43990.01144,39546.46496,41892.13855,37938.09607,42319.39373,31745.09392,35987.73275,20126.07761,24643.99357,17708.01889,24667.95945,12725.88234,22010.21435,7343.4137,15792.19496,2861.962265,8081.964574,397.0210571,2010.091784
24,45,Loiret,21633.81214,21022.42351,22612.13682,21530.69701,21686.28564,20854.41767,20555.35938,19138.13432,19259.108,18196.72229,19104.22537,19783.26826,19587.80294,21548.4492,20586.22035,20596.26517,22636.0909,22946.34784,22067.24033,22764.18284,21577.95529,22088.34896,20598.79828,21760.98823,20225.45781,21897.06053,17368.6946,18706.471,11182.55095,12936.59862,9841.715636,12848.18614,7759.466404,12123.3783,4640.074445,8371.798983,1767.67998,4165.861718,310.940229,1189.929194
76,46,Lot,3855.8794,3904.959853,4301.684055,4432.798286,4899.705266,4472.199423,4622.701511,4089.667633,3374.560006,2870.737652,3648.210611,3386.870989,3947.206374,4158.279414,4470.40208,4540.478426,5324.704673,5615.902801,5841.372937,5773.202288,6056.390443,6369.391053,6135.387031,6792.083242,7105.481116,7036.21414,6145.309876,6197.185236,4314.722417,4782.124398,4092.118032,4847.871327,2939.637637,4451.912574,1897.920807,3435.602727,844.8753598,1934.551783,126.8285371,480.4883579
75,47,Lot-et-Garonne,8491.707832,8369.688857,9446.363759,9067.584797,9756.030282,9380.290627,9207.394681,8693.193736,7693.356628,6938.333977,7869.332636,8323.53771,8409.925232,8836.028195,8759.981894,9200.290773,10384.61351,10569.55114,11133.99601,11570.22955,11481.54918,11987.804,10797.91114,11910.89217,12104.29529,12472.43139,10276.49359,11252.42138,7977.644105,8203.684754,6608.26247,8632.980196,5409.109424,7592.684856,3374.30217,6001.512712,1289.098053,2846.609559,183.9254466,767.9089614
76,48,Lozère,1843.64232,1634.976353,2190.775559,1993.908797,2086.503052,2191.859479,2206.776631,2005.330692,1730.868496,1835.648673,1936.708992,1812.531607,2082.176134,1917.744861,2084.472239,2100.665198,2583.840451,2483.984217,2726.226425,2683.102274,2848.205146,2626.143784,2786.829543,2748.885074,2936.669056,2729.187634,2334.325934,2346.365418,1846.749712,1863.012788,1341.309636,1840.913477,1290.155421,1565.521329,722.0453103,1270.843179,241.8182841,641.094772,45.84603919,222.7620663
52,49,Maine-et-Loire,26322.63006,24765.14876,27571.94601,26163.16725,27350.6051,26687.94345,27007.0079,26393.02951,24584.77653,24455.49582,22259.48597,22995.36054,24463.33141,24354.32158,24752.39273,24406.93218,26904.67075,26533.86189,26253.23751,26490.74919,25936.58582,26449.21484,24668.57884,25917.30148,23388.66382,25217.34984,18729.1493,20708.74651,12741.64957,15375.15679,11542.41287,15408.32935,8907.464653,14246.47967,5833.381175,10711.39537,2178.406892,5468.126187,348.6224957,1506.98163
28,50,Manche,13280.34218,12820.82442,14848.44442,14393.66019,15585.27978,15491.78687,14923.55103,13717.79487,12307.9675,10535.42507,12693.20878,12342.93451,13425.59923,13049.13827,13646.34667,13544.44372,15821.97554,16199.35908,17038.06123,17148.87723,18352.04867,17916.20223,17454.44876,16976.55816,16704.36181,18073.47194,14743.60485,15954.85669,9504.171408,11243.30098,9488.015925,12540.57143,7693.59882,11671.87888,4176.319504,8156.157617,1354.006977,4015.038857,204.8756839,972.7930392
44,51,Marne,17462.14217,17115.2544,17593.06104,17303.21733,17718.58744,16447.11509,19221.51362,18352.36333,20050.14398,19166.26811,17941.8008,17882.05864,17818.00728,17505.3722,17144.14215,17009.9805,19008.56164,19248.80241,18586.24197,19181.95249,17939.10132,19429.84315,17940.72998,19082.47435,16962.75402,18685.21292,14662.01869,15760.83693,8593.693427,10345.24134,8007.253849,10653.41617,5902.928117,9778.693862,3171.476485,6793.836996,1045.317676,3334.668633,169.8083224,798.9595735
44,52,Haute-Marne,4743.344873,4687.906097,5257.291271,4744.257276,5574.958943,5043.823557,4917.632395,4438.765499,4880.347722,3832.946187,5204.188457,4753.689615,4974.839262,4664.775907,5023.317047,4846.018085,5772.623354,5638.493669,6439.102196,6026.007151,6204.740689,6608.922404,6469.938299,6611.00742,6472.819377,6717.272217,5254.348485,5796.153584,3615.296295,4137.808987,3392.050194,4370.949027,2658.802619,4246.486184,1439.664368,3029.339852,491.2231363,1396.499741,69.24365644,351.3039832
52,53,Mayenne,9414.931179,9372.794377,10894.28558,10288.20591,10762.54005,10461.67335,9529.981152,8553.566562,7702.541899,6763.110584,7431.717572,7856.335913,8700.549163,8570.090541,9453.063713,9154.695382,10448.43936,9870.719927,10736.74711,10026.33017,9836.835171,10304.9924,9980.718141,9921.609997,9990.859227,9862.101465,7775.726562,8552.462204,5241.948187,6242.43783,5273.74721,6766.317829,4263.220873,6208.695377,2832.138089,4541.318913,901.9359424,2307.008136,173.7226907,599.2533526
44,54,Meurthe-et-Moselle,21279.15712,20119.6857,22317.81837,20721.29973,21920.41045,21151.81877,24565.39745,23325.06833,27163.69526,26283.33221,22889.59844,22355.66023,23059.26617,23221.40436,22783.40596,21832.97881,24243.13128,24427.21197,23181.46835,23768.04179,24114.36848,24980.19141,22662.25475,24829.3896,21633.42315,24092.82983,17781.21995,19387.9989,11599.75881,14077.66071,10350.48339,14362.67661,8055.26553,13535.59761,4274.0151,9249.774326,1376.492836,3929.036165,189.5498736,901.2916738
44,55,Meuse,5288.779916,5243.958219,5732.152227,5526.750763,6434.340513,5878.706486,6053.935274,4995.593672,5041.089,4238.920806,5335.053422,4881.753145,5379.139883,5162.704244,5480.69781,5636.794461,6508.116851,6287.460668,6676.362243,6610.370444,7020.01043,6932.630832,7078.826328,6632.921898,6707.752102,6731.443678,5309.791849,5469.789525,3243.881236,4053.312791,3116.847074,4264.659962,2568.425967,3867.295454,1229.698867,2875.329311,481.5365213,1227.358105,54.18847588,332.0930945
53,56,Morbihan,20437.56112,19369.69877,23070.96376,21549.84395,23705.43382,22584.41721,22068.5963,20320.93709,17428.83464,15604.76236,17963.17454,17727.15838,19907.37725,20043.73992,22043.50997,21621.24003,24516.96504,24919.81108,24987.18422,25276.90434,25445.83034,26370.38473,24102.0531,25597.13717,25442.97558,27431.66862,22133.66601,24826.05814,14625.31784,17059.92975,13437.6659,18481.32291,9865.918138,16022.99073,5326.843304,11167.85578,1924.182114,5470.831109,283.1161253,1329.318546
44,57,Moselle,29938.88173,28060.23422,31460.90134,29706.83813,30871.8467,29686.41558,30849.61925,28231.84906,31340.32904,28405.07968,33058.75032,31982.46444,33861.68885,33560.34911,33029.2083,31460.52991,35443.54755,35917.83827,37515.15612,37760.72233,38234.82569,39146.41143,36096.11478,38025.11205,32570.88486,34613.76919,24044.85165,26721.07871,18281.94867,21397.11068,16618.26476,22036.20291,11663.03086,18747.78337,5405.608956,11498.14863,1599.763848,4675.617469,167.1109417,1142.036413
27,58,Nièvre,5240.106951,4838.738099,5244.168625,5451.374097,5620.782838,5429.782636,5845.440001,5147.077755,4751.944506,4498.092763,4735.961334,4745.484608,5426.86245,5196.735432,5431.197135,5237.294497,6084.491778,6111.849005,6887.361853,7042.169319,7387.137691,7356.280692,7936.5989,8569.126791,8781.586184,8784.459435,7331.152684,7825.226259,5139.4981,5912.06097,4733.430928,6141.193247,3266.338015,5581.295916,2109.550418,4350.471721,701.1842013,2065.948138,125.0638464,598.2431942
32,59,Nord,87295.76485,85025.76186,89624.49457,85871.36654,88442.18833,84433.54429,90970.20596,86171.73507,91897.87766,91355.02216,85686.68637,87415.35271,84118.48567,86462.46005,82104.44327,82476.1663,86548.06584,87098.83414,82677.77878,84858.80306,82667.03835,85499.18854,76267.05459,83827.9197,71251.20201,79321.16047,56327.06473,64691.47826,32987.25666,42591.55977,29799.27134,45157.60389,22566.48238,41360.16108,11888.31283,27632.99413,3909.580173,12333.34002,479.9350189,2346.099793
32,60,Oise,27769.52063,26848.6527,28804.90985,28264.6254,29006.98752,27886.91722,26652.52285,24207.68001,23087.31163,21867.00349,23543.3081,25331.08242,25774.36154,26775.3339,26896.22605,26977.42454,29835.51968,29795.80654,29700.07272,29187.74432,27718.31768,28130.61247,25348.12845,26453.96088,24193.66811,25778.60372,18881.57145,20066.13625,11714.46036,13222.10687,9728.069755,13085.79578,7230.946383,11279.94604,3708.105384,7714.379535,1211.404889,3767.479107,181.9183219,744.0111811
28,61,Orne,7565.112959,7547.399534,8793.28057,8040.869062,9465.244241,8628.179363,8512.470374,7685.816818,6577.852655,6473.041256,6832.567306,6864.312984,7493.169356,7205.482753,7508.720572,7731.473257,9417.021219,8992.48808,9433.124161,9524.320327,9690.861816,9795.753437,9812.11458,10221.18823,10920.64461,10866.36474,8668.357613,9493.526687,5601.614659,6627.439588,5528.8892,7354.88967,4323.38801,6819.337678,2704.844107,4882.691839,878.2053286,2567.813796,145.1330667,628.1331317
32,62,Pas-de-Calais,48221.39692,46735.03718,50698.08833,48914.38712,51051.99384,49073.39048,49336.21798,44263.27579,43381.93274,40815.73563,43729.98126,43343.20188,45389.0889,46203.05666,45131.01807,46160.91012,49550.692,49431.36964,48218.233,49676.10006,48373.01767,50051.18346,46659.55424,49227.14118,45080.52271,49130.19518,34772.4893,39947.53021,20034.06917,26365.65653,17945.13858,28309.35444,13865.71762,26232.49391,7340.044326,17602.87759,2533.439048,7749.900091,269.9713819,1357.261341
84,63,Puy-de-Dôme,16991.09272,16974.67962,18062.96975,17676.2275,18199.01835,17227.62168,19441.57725,19136.65985,21076.77667,20523.26089,18986.35514,18358.82993,18780.61334,18551.7606,19129.90894,18961.49061,21857.95451,21709.79672,21672.74646,21933.51691,21983.32832,22371.12106,21165.81602,22231.46284,20997.26924,22641.30121,18006.15373,19542.72126,11729.92954,13523.53577,10023.33174,13673.35018,7504.596089,12575.88721,4165.780191,9288.290697,1494.258611,4473.695182,219.8846466,1039.348899
75,64,Pyrénées-Atlantiques,16870.94313,16028.09286,17891.56695,18142.51912,19950.50237,18506.79966,19284.74292,17450.92975,17344.30662,15983.68191,17330.39962,17123.39782,18711.90067,19058.03538,19604.22932,19778.04789,22954.14762,23115.84388,23547.09306,24137.64149,22355.23306,24133.32765,21792.36789,22969.45179,21202.52667,23760.88361,18606.35685,21303.45906,13694.87466,16390.56873,11791.33255,15637.25862,9660.576512,14469.53913,5279.084183,11391.38648,1969.150936,5853.484631,370.1745092,1634.887613
76,65,Hautes-Pyrénées,5309.292265,5129.058951,6265.015691,5529.48081,6617.750288,6355.007426,6555.213308,5965.000594,5847.791829,4445.230022,4984.493071,5116.115007,5629.971124,5836.854353,6100.329013,6080.599769,7015.72585,7549.49819,7751.347967,7899.099236,7833.874738,8213.654268,7991.966394,8806.198755,8489.000004,8804.352089,7095.140603,7857.312141,4869.972955,6138.694991,4416.300578,6181.805369,3981.29712,5819.65388,2046.403775,4562.258795,866.5055685,2024.405677,126.9268806,683.3851445
76,66,Pyrénées-Orientales,12761.3862,12002.44709,13737.32383,13125.3764,13971.98954,13243.85075,13328.3817,12632.80245,11442.28744,10651.70879,10906.46416,11865.77297,11829.79623,12819.84256,12121.20761,13612.21888,14394.35438,15688.51546,15092.86274,16163.79856,14510.67354,16097.86901,14350.6051,15571.55962,15465.30224,17076.38589,14646.37665,17193.42274,10721.03327,12418.5797,9149.2292,11427.75628,7260.120261,10645.96219,3908.31219,7397.084276,1629.856444,3863.939906,281.3905757,1093.041347
44,67,Bas-Rhin,32431.61717,30901.9228,33135.29725,31416.60383,33638.83349,32184.31948,36009.42977,34595.23101,36978.54296,38996.59825,35196.00372,35130.71934,35107.28693,36159.43484,35336.28428,35511.41697,38626.20422,39628.17074,39886.32756,39236.62121,39133.34847,40151.47174,35991.87289,37402.14009,33531.22939,34332.42186,24985.82889,26420.79827,18801.14709,21283.42258,15424.21613,20561.58537,11205.49594,17801.73251,5158.576037,12525.62326,1825.945652,5706.378506,295.7525009,1130.349302
44,68,Haut-Rhin,23350.03798,22169.80428,23855.19585,23231.6177,24389.00114,23058.27846,21951.2332,21201.30498,20251.03403,19245.38045,22258.38525,22534.71487,22471.53236,24216.95088,23780.53453,24377.29118,27627.38674,27299.41059,27898.87098,28772.12399,26756.78293,26878.55779,25779.14443,26198.82998,23694.19036,24738.53102,18403.50844,18889.61595,13677.90664,15224.19262,11009.53699,14359.75997,8339.143629,13200.90992,4061.729446,8920.498746,1306.166228,3960.264697,160.1340775,802.6856556
84,69,Rhône,61470.27897,58746.38443,58672.59113,55544.32634,55765.25724,53114.97133,59881.77114,60154.31646,69228.58199,73766.88339,62700.05003,65726.52395,61807.14547,64529.99878,58722.48731,58133.64768,60145.26765,59550.42602,56399.31303,59976.91152,52545.50993,56555.60307,46844.50601,51021.90142,42654.99928,49075.25353,38360.16817,44114.25339,28019.05424,32689.09165,22956.2484,30530.03802,17489.60856,28361.20651,9824.212215,20252.85237,3728.457666,9827.81211,532.018833,2714.030123
27,70,Haute-Saône,6747.915376,6452.693095,7863.339496,7223.732305,7977.141765,7505.047486,6964.928928,6476.159442,5202.187815,4630.492851,5799.801037,5668.153155,6471.316077,6729.803057,7122.225418,7338.41972,8363.46743,8297.348441,8343.252586,8088.400393,8384.052465,8688.885591,8121.869745,8285.026713,8371.126509,8877.562075,7577.288672,7421.527766,4807.248377,5143.660285,3887.196605,4826.102059,2838.283738,4404.903298,1646.811976,3046.484409,550.9268229,1475.962059,106.5928957,420.0700712
27,71,Saône-et-Loire,15213.44867,14018.84983,16148.0964,15110.6792,16699.43323,15992.1256,15409.01938,13921.74926,12940.87712,11016.56803,12949.49679,13483.31763,14629.74995,14851.77761,15007.42627,15380.31678,18275.79728,18230.87507,19028.0502,19248.75271,18385.52359,19282.37675,19215.52099,19831.92171,19871.7895,20810.77456,17685.98229,18732.78599,12072.50114,13782.32104,10587.28358,14212.25121,8282.286871,13173.206,5091.718305,9100.218281,1897.058455,4727.246825,225.2709014,1282.335772
52,72,Sarthe,16965.06831,16884.1907,18506.07971,18044.4219,19190.84497,18070.89501,18260.96747,16864.12264,15349.18135,14366.3087,14643.89883,15135.32127,15805.05917,16218.93274,16798.89133,16832.6675,19141.24868,18981.83407,18883.40802,19295.1301,18637.01703,18895.98227,18126.57758,18919.65253,18090.86026,19294.35085,15075.89541,15965.36893,9726.403887,11785.13724,9378.0441,12263.44017,7541.932709,10934.96018,4485.161159,8003.367949,1772.013592,3943.045618,268.9963727,1237.754173
84,73,Savoie,12513.56253,11772.28838,13534.27898,12514.11071,13779.43769,13074.19437,12777.27743,11613.34821,11683.88592,11310.11863,12201.48477,11885.52202,13161.33931,12993.93474,13549.09762,13317.53864,15410.84888,15289.22453,15382.03447,15431.13526,15015.55251,15043.54159,13715.76889,14152.60902,12880.15403,13918.84626,10767.52115,12220.48372,7829.574601,8716.772853,6358.576124,8020.129469,4771.248427,7625.008594,2663.622059,5684.828914,1019.206463,2460.815884,167.1976088,651.1130053
84,74,Haute-Savoie,25874.21034,25388.40149,26706.29922,24908.31154,25666.98371,23779.53408,23595.36807,21315.54371,20896.98119,19317.72638,25186.7288,25529.92268,27713.21391,28703.21423,27731.10269,28073.95892,29785.95208,29697.79095,29097.66956,29486.98876,26194.03266,26866.63612,22419.02157,24100.28988,21224.17811,22829.89867,18020.47854,19515.29132,12395.2647,14091.66269,9382.093389,12030.60007,6932.48702,10833.49728,3788.337619,7648.002931,1426.75958,3788.894414,274.8814075,1030.657864
11,75,Paris,57503.96247,55051.24958,53012.91143,50816.51856,50708.55621,49418.59439,55164.53877,59184.94367,82020.93304,101410.9196,105262.6088,116908.0527,92133.20556,95221.34758,81904.50502,82219.8178,77718.95774,76969.24774,69413.51747,74153.34292,64344.02129,71323.93365,58061.48975,67799.26862,55841.34752,66973.04082,47819.27328,58867.35224,32175.15957,40745.13684,24975.63836,35799.8045,19179.48901,32197.54729,11371.5084,23869.29829,5098.234209,13112.99227,1036.074129,4021.143962
28,76,Seine-Maritime,39269.19579,37678.1517,39950.379,37744.76609,39918.94609,38684.83505,41848.78844,39385.12573,39455.32652,38849.43083,38142.56684,39290.19847,37052.92675,38498.83769,36926.8651,37629.4275,40997.34472,42111.20701,40725.83111,42667.05782,40384.94081,43205.59058,40294.0282,42991.85131,37653.34977,42203.46588,31465.61393,34850.23671,19857.78069,24687.86605,17296.23578,24775.15336,13177.39599,22082.14121,7544.054671,15845.57963,2679.95116,7559.370631,390.1745621,2138.010253
11,77,Seine-et-Marne,49286.26715,47119.31004,51671.35649,49092.33171,50731.59606,47440.62036,45879.98311,44075.13582,41798.0105,42788.21435,43005.65717,45948.97884,44771.22546,48285.74818,46235.34248,48880.7967,50178.62167,51603.0881,48871.2527,50368.19716,46671.17513,46962.98341,42069.72595,43162.28373,36425.78385,38162.1081,27884.78755,29564.37738,17159.6402,19942.06654,13621.0527,17772.44122,9889.367425,15141.67621,5320.828417,10484.1146,1904.772058,5461.505561,444.0035835,1562.545164
11,78,Yvelines,48855.9783,46843.28581,50694.29702,48736.09022,49324.97553,47962.93056,46659.86079,44313.46949,41214.43146,40621.95149,41147.07926,42677.53656,44677.42149,46906.08664,47518.33156,48325.11813,51669.27387,52182.64,49652.07913,51860.31629,47087.10001,50140.32226,42628.48496,45531.08126,37458.18826,41353.72575,31622.09402,34433.56787,21655.33914,24252.86337,17698.63419,22701.22873,12720.86935,19030.07872,6899.886264,13196.6035,2497.49375,6507.873042,480.4160986,1830.706882
75,79,Deux-Sèvres,10849.30483,9987.84408,11990.37194,11043.18214,12257.10462,11703.74861,10384.85243,9342.375826,8176.596192,7663.103818,8786.756379,9153.909314,10668.79878,10446.1343,11282.48367,11006.64724,12735.41012,13030.40617,12984.45957,13011.36215,13029.36858,13093.53724,12777.06742,12795.08462,12468.75504,13065.8469,10520.3909,10761.21048,7145.222257,8048.965486,6726.197971,8463.517388,5552.661032,7666.403819,3536.652566,5705.343807,1200.309613,3064.165714,187.3789552,946.6006923
32,80,Somme,17384.72854,15861.79848,18293.2687,16843.93931,18691.09766,17565.37641,19243.20087,18770.02906,18420.1827,18326.63542,16599.1865,16847.85596,16975.9485,17085.8495,17272.58886,17407.80129,19471.84201,19493.03217,18776.71045,19304.20157,18660.95264,19476.28625,18031.97977,19066.16878,17634.16706,19050.5044,15052.68461,16038.8236,9093.821349,10785.61058,7827.985508,10850.55235,5850.663982,10063.5735,3301.352884,6973.615691,1157.548346,3219.993642,225.0397187,720.6253461
76,81,Tarn,10258.29734,9886.810608,11539.75176,10738.54584,11378.503,11322.57607,11009.52525,10781.80189,9062.977175,8225.302632,8909.840889,8675.10521,9789.534439,10111.88009,10402.16337,11060.9556,12374.31889,12825.7614,13098.97989,13442.06838,12965.71699,13719.47167,12779.145,13610.07114,12688.52631,14061.7467,11364.79263,12440.59889,8164.747452,9096.56354,7372.400282,9248.608195,6267.659832,9158.155485,3759.020125,6858.792001,1626.182435,3600.666947,259.9406823,895.8139284
76,82,Tarn-et-Garonne,7698.677355,7298.291624,8474.017002,7808.665771,8075.162119,8365.742064,7357.523168,6512.039514,5398.603348,5121.60819,6173.154449,6262.062784,7035.836433,7583.984298,7644.045902,8135.254606,8548.900351,8675.45578,8702.929655,8693.314905,8738.43758,8693.796509,7934.996901,8301.546347,8499.951914,8878.955799,7078.935625,7362.876416,4876.985019,5427.946786,4166.139873,5357.172841,3647.334025,4950.712464,2034.736698,3690.280863,873.4021444,2054.666278,115.3251184,426.3829974
93,83,Var,26294.54703,25773.4537,28223.62091,27024.02587,29234.4117,28203.32564,29865.92465,26922.98395,25654.79482,23698.90682,26928.70068,26140.2621,28143.67135,28080.54359,28384.94234,29688.53697,32387.09293,34458.22884,34209.28733,36772.71058,33870.95942,36148.74734,32095.32961,36101.36445,34209.552,38659.47396,34398.68478,37919.4534,25495.38858,29475.47786,20803.77208,25152.36577,15527.542,22456.88919,8850.817162,16033.7374,3403.495488,8665.599254,621.1488171,2266.475252
93,84,Vaucluse,16811.19619,15797.86863,17611.41459,16417.08585,17156.10185,16742.14925,16772.11172,16226.49474,14298.49094,14543.6947,14674.17038,15190.46343,15353.26596,16229.65629,15175.32726,16076.72766,17829.36916,18973.5281,18791.99644,20466.34806,18318.47083,19506.92328,17728.55135,19753.56105,17536.51801,19074.14674,15788.76324,17165.86041,10881.89401,12687.29113,8734.211586,11267.82951,6786.950239,10449.50671,3722.579409,7259.182777,1412.463669,3639.290069,184.6383233,881.6834292
52,85,Vendée,19100.07744,18628.2863,21439.63728,20886.94233,21724.99628,20053.07727,18847.22523,17624.33573,14530.35723,13002.79787,16229.93471,16152.83995,19417.77269,19044.4685,19937.5563,19778.02752,22587.44215,22009.77127,22180.88337,21447.35217,21829.87086,22293.06704,21427.35903,22279.65708,23201.17752,25025.58256,20276.90068,21494.22811,13030.20481,14858.84459,12117.10689,14664.36484,9012.407553,13079.91958,5082.486532,9335.189705,1916.511701,4993.089506,258.6094286,1098.240873
75,86,Vienne,12470.40642,11959.22773,12585.35047,12484.38767,12931.21233,12514.22069,13523.20567,13914.81734,14268.53201,14403.06444,11954.37043,12083.68075,12572.11913,12820.37347,12155.28472,12711.55489,13826.60731,13843.74352,13510.03965,13852.19964,14217.19778,14139.51979,13571.10239,15113.98296,13829.34491,14510.23306,11670.55159,12374.52352,7982.789089,8961.636611,7280.133411,9119.964499,5772.22075,8342.445963,3542.045375,6434.757036,1416.342916,3324.662003,160.703751,920.2445889
75,87,Haute-Vienne,9950.379083,9702.052796,10596.84138,10064.94922,10445.51465,9798.456427,10696.81528,10487.94957,10715.709,10911.06761,9641.221209,9893.656131,10373.97798,10347.69377,10330.78846,11130.91137,12090.25101,12389.1857,12422.14765,12326.31215,11911.83887,12864.7625,11927.19985,13133.24317,13090.02417,14089.02767,11266.54545,12278.41518,7254.348996,8606.04901,6735.396123,9032.351891,5464.269888,8822.728722,3320.394846,6332.369018,1243.01176,3169.529268,160.5140628,898.2906989
44,88,Vosges,9635.627804,9539.207619,11123.41859,10609.04491,11839.29157,11339.61687,11738.02098,10287.88928,9106.923687,8276.003337,9292.045209,9119.635372,9895.780406,10536.50212,10610.62951,10619.42146,12485.69265,12112.20835,12858.04676,13256.73636,13185.24149,13513.01945,12904.55181,13534.03129,13634.819,13768.01023,10862.4957,11820.8571,6834.407954,8110.5388,6649.603961,8695.349303,4727.167491,8354.845969,2660.210308,5615.341282,860.5381866,2798.08235,161.6318386,695.7515351
27,89,Yonne,9522.440212,9373.917145,10674.76337,9940.937499,11083.10763,10410.50037,9929.587231,8815.200168,7429.642434,7253.628222,8064.59415,8491.990943,9383.410557,9556.058113,9596.877113,9712.204117,11121.03642,11540.55769,11838.09585,11148.70401,11520.64053,11835.14185,11866.14353,12076.69334,12215.14882,12642.16009,10288.68444,10985.05727,6845.609093,7672.911048,6287.977252,7947.983165,4719.693897,6909.47771,2803.801997,5388.13094,1068.955141,3044.302087,182.4505633,748.6846907
27,90,Territoire de Belfort,4584.903015,4423.532667,4904.773339,4270.426387,4591.239452,4255.632277,4640.904932,3935.725278,5275.454592,4190.014967,4806.953096,4285.465506,4685.287796,4521.68506,4421.047015,4277.406166,4967.617018,4727.83357,4705.440157,4821.974651,4782.223006,4827.926283,4281.646441,4890.691991,4258.661072,4489.108907,3619.066457,3701.911721,2383.984187,2899.393809,2153.02197,2721.682711,1542.922555,2480.994927,885.3677884,1818.312502,253.7512744,769.6195216,35.96414655,149.075841
11,91,Essonne,45839.2155,44306.94546,45157.06072,44682.47918,43219.40539,41499.4812,42395.53201,40395.70056,41679.66853,38940.71604,39944.5392,42032.19154,41697.60251,44611.32256,42692.65385,43971.10654,44565.10104,44983.77215,45017.47609,45582.99456,42240.02956,43337.00672,37497.60842,37912.78781,31700.58849,34727.45865,26059.8825,28403.73809,17512.94078,20693.85755,14708.19725,18912.93194,10886.64372,15772.58464,5327.539589,10512.3015,1911.420629,5327.023441,358.5950674,1445.575691
11,92,Hauts-de-Seine,56461.78282,54278.65205,52707.97892,50842.38407,48714.28663,47109.68168,46600.79704,45000.05944,49427.55848,51645.68266,57528.45769,61303.78089,59697.15,64649.27537,60123.86088,63411.63366,58381.37492,61250.481,53381.09763,57998.00981,47649.63383,54320.61215,41078.94088,46946.49276,36580.41408,42543.5978,30037.65186,35597.69192,20737.16018,25264.05565,16774.53111,23535.37845,13493.74619,22527.23591,8317.069722,16608.41302,3217.380684,8893.930064,627.662004,2617.962516
11,93,Seine-Saint-Denis,65288.37206,62668.38239,60914.46844,59113.41386,54736.95169,51936.94497,50474.51037,47874.12138,52947.00049,53296.81018,55544.55243,61661.10156,58553.95696,62157.10902,58658.20456,57778.89391,56358.20053,55341.90272,52092.106,52052.45397,48396.3366,49645.31827,43047.73253,46212.75312,37906.59415,38464.07129,27098.84693,28413.29093,18489.81696,19291.56461,14568.58303,18967.49158,10411.41144,16384.00812,5350.886101,10661.88111,1649.081566,4942.301407,296.0694219,1349.714589
11,94,Val-de-Marne,48209.29662,45902.2308,46029.78369,43965.97818,43246.9298,41275.74879,41509.2051,40445.28226,45510.72276,46273.65266,46057.85566,50971.93934,48302.62196,52035.012,48943.7741,49642.11635,47928.76279,49549.75502,46112.12561,48641.97443,43604.48045,46867.2997,38702.85493,41755.93993,32962.4806,37347.76483,26222.65236,30477.53114,17786.96788,21137.34811,14391.64638,20908.9713,11641.91607,19318.27951,6556.453157,13434.80847,2545.489452,6578.991317,448.6301236,1794.782354
11,95,Val-d'Oise,45692.993,44210.79843,45757.1475,43665.33797,42684.65144,40874.32181,40613.97207,39182.99763,40066.30261,39697.82182,38153.21559,42029.2725,40204.94262,44526.33032,41735.36099,42522.7405,40994.14948,41863.61119,39490.68384,42853.23321,39537.662,40982.44046,35520.84361,38981.56871,31229.59487,32861.0295,23782.33428,24383.02489,14379.37612,16678.08555,11152.74508,15162.21671,8614.617358,13449.57434,4381.717612,9623.518261,1666.155067,4675.397625,380.329354,1317.313714
1,971,Guadeloupe,11886.94892,11609.98014,14163.97092,13762.60452,15567.86141,14786.2512,14701.39448,14148.67277,10468.07307,9960.239898,7980.864795,10162.94864,8000.011879,11837.16896,10141.96414,14383.07226,13146.52691,16701.98257,14519.37865,17555.86293,14614.28267,16586.38329,12274.33633,14488.59884,10901.49338,13179.97018,9130.848262,10585.94709,6504.480417,8128.469685,4951.327182,6599.775726,3280.396764,4897.599655,1858.003273,3398.838726,820.7703754,1671.992937,293.33469,640.3019511
2,972,Martinique,10599.48902,10018.64379,11925.94611,11574.46553,13146.88354,12623.94764,12998.20984,12381.7926,10219.98258,9334.075694,8076.716878,10253.49404,7736.685229,10226.82588,8720.846556,12068.04133,12104.79301,15723.98235,14238.63006,17590.20514,14539.99401,17577.29398,13140.02053,14945.10949,11002.78095,13119.92472,9198.382251,10449.89946,6752.889425,8408.108204,5985.848162,7685.950423,3926.366645,5441.563952,2176.003529,3854.78037,904.5743345,1967.424143,294.8797432,870.390498
3,973,Guyane,14616.57313,13815.47957,14775.23352,14501.95773,13972.32966,13695.65273,11704.22577,11602.58632,8749.576109,9362.368327,8297.53708,9647.604309,8707.725917,9429.341799,8569.03161,9076.934285,8468.278353,8557.587216,7011.686505,7249.919637,5899.777988,5956.142677,4930.343532,4769.517553,3644.436888,3431.1901,2487.206198,2253.534223,1356.033277,1441.271307,810.6845363,962.8254669,500.8828026,701.9167826,217.6034132,455.9674291,93.58734626,249.364642,43.48161551,56.73274021
4,974,Réunion,31653.15044,30588.0002,35564.23342,33159.64397,36390.23605,34814.61717,34762.42977,32854.39612,27520.85553,27976.62306,24387.96581,28057.07922,23664.55691,28610.97225,26078.28015,30439.15619,29432.3869,32081.60112,31659.00543,33778.32706,28654.91697,30175.08527,23621.95125,25060.32694,18788.76658,19815.12257,13444.85736,14645.56204,9395.920096,11288.90119,6692.265517,9318.968104,3714.63489,6128.214094,1670.007861,3704.814195,607.8833398,1793.061862,142.6963543,545.8772077